{
  "criteria": {
    "void_totem": {
      "trigger": "minecraft:entity_hurt_player",
      "conditions": {
        "player": {
          "slots": {
            "weapon.*": {
              "items": "minecraft:totem_of_undying",
              "predicates": {
                "minecraft:custom_data": {
                  "void_totem": true
                }
              }
            }
          }
        },
        "damage": {
          "type": {
            "tags": [
              {
                "id": "skyvoid_trinkets:void_damage",
                "expected": true
              }
            ]
          }
        }
      }
    }
  },
  "rewards": {
    "function": "skyvoid_trinkets:void_totem/to_spawn"
  }
}